<?xml version="1.0" encoding="UTF-8"?>
<!DOCTYPE hibernate-configuration PUBLIC "-//Hibernate/Hibernate Configuration DTD 3.0//EN" "http://hibernate.sourceforge.net/hibernate-configuration-3.0.dtd">
<hibernate-configuration>
  <session-factory>
    <property name="hibernate.dialect">org.hibernate.dialect.MySQLDialect</property>
    <property name="hibernate.connection.driver_class">com.mysql.jdbc.Driver</property>
    <property name="hibernate.connection.url">jdbc:mysql://localhost:3306/testemp?zeroDateTimeBehavior=convertToNull</property>
    <property name="hibernate.connection.username">root</property>
    <property name="hibernate.connection.password">password</property>
    <property name="hibernate.show_sql">true</property>
    <property name="hibernate.hbm2ddl.auto">update</property>
    <!--<mapping class="model.Student"/>-->
    <!--<mapping class="multiTable.Customer"/>-->
    <!--<mapping class="TwoclsOneTbl.School"/>-->
    <!--<mapping class="compoundKey.Account"/>-->
    <!--    <mapping class="inheritance.Module"/>
    <mapping class="inheritance.Task"/>
    <mapping class="inheritance.Project"/>-->
    <!--    <mapping class="cachyDemo.Employee"/>-->
    <!--    <mapping class="mapping.oneToOne.Person"/>
    <mapping class="mapping.oneToOne.PersonDetail"/>-->
    <property name="hibernate.format_sql">true</property>
    <mapping class="mapping.oneToMany.College"/>
    <mapping class="mapping.oneToMany.ColStudent"/>
    <!--    <mapping class="general.JoinningRecord"/>
    <mapping class="mapping.manyToMany.Developer"/>
    <mapping class="mapping.manyToMany.Projects"/>-->
  </session-factory>
</hibernate-configuration>
