<?xml version="1.0" encoding="UTF-8"?>
<project-private xmlns="http://www.netbeans.org/ns/project-private/1">
    <editor-bookmarks xmlns="http://www.netbeans.org/ns/editor-bookmarks/2" lastBookmarkId="0"/>
    <open-files xmlns="http://www.netbeans.org/ns/projectui-open-files/2">
        <group>
            <file>file:/C:/Users/OPS/Documents/NetBeansProjects/DacHibernate/src/multiTable/Customer.java</file>
            <file>file:/C:/Users/OPS/Documents/NetBeansProjects/DacHibernate/src/model/TestCRUD.java</file>
            <file>file:/C:/Users/OPS/Documents/NetBeansProjects/DacHibernate/src/multiTable/TestCustomer.java</file>
            <file>file:/C:/Users/OPS/Documents/NetBeansProjects/DacHibernate/src/model/Student.java</file>
            <file>file:/C:/Users/OPS/Documents/NetBeansProjects/DacHibernate/src/model/TestStudent.java</file>
            <file>file:/C:/Users/OPS/Documents/NetBeansProjects/DacHibernate/src/hibernate.cfg.xml</file>
        </group>
    </open-files>
</project-private>
