<?xml version="1.0" encoding="UTF-8"?>
<beans xmlns="http://www.springframework.org/schema/beans"
 xmlns:xsi="http://www.w3.org/2001/XMLSchema-instance"
 xmlns:context="http://www.springframework.org/schema/context"
 xsi:schemaLocation="http://www.springframework.org/schema/beans
 http://www.springframework.org/schema/beans/spring-beans.xsd
http://www.springframework.org/schema/context
 http://www.springframework.org/schema/context/spring-context.xsd">
    <!--Enables the Annotations-->
    <context:annotation-config/>
    
<!--    <bean id="cust" class="constructorInjection.Customer">
       <constructor-arg value="1201"/>
       <constructor-arg value="Ramesh"/>
       <constructor-arg>
           <set>
               <value>Masale</value>
               <value>Soap</value>
               <value>Shampoo</value>
               <value>Milk</value>
           </set>
       </constructor-arg>
    </bean>-->
    
   
    <bean id="add" class="constructorInjection.Addition">
        <constructor-arg value="10" type="int" name="y"/>
        <constructor-arg value="20" type="int" name="x"/>
    </bean>
   
   
</beans>