<?xml version="1.0" encoding="UTF-8"?>
<beans xmlns="http://www.springframework.org/schema/beans"
 xmlns:xsi="http://www.w3.org/2001/XMLSchema-instance"
 xmlns:context="http://www.springframework.org/schema/context"
 xsi:schemaLocation="http://www.springframework.org/schema/beans
 http://www.springframework.org/schema/beans/spring-beans.xsd
http://www.springframework.org/schema/context
 http://www.springframework.org/schema/context/spring-context.xsd">
    <!--Enables the Annotations-->
    <context:annotation-config/>
    
    <bean id="stud" class="basic.Student">
        <property name="sId" value="101"/>
        <property name="sName" value="Ramesh"/>
    </bean>
    
    
    <bean name="address2" class="basic.Address">
        <property name="houseNo" value="112"/>
        <property name="street" value="Bhavans Road"/>
        <property name="city" value="Nagpur"/>
        <property name="pin" value="440030"/>
    </bean>
    <bean name="address1" class="basic.Address">
        <property name="houseNo" value="4545"/>
        <property name="street" value="Mount Road"/>
        <property name="city" value="Nagpur"/>
        <property name="pin" value="410022"/>
    </bean>
</beans>